Gen,ID,X_1,X_2,X_3,Obj_1,Obj_2,Con_1,Con_2,Con_3
1,1,144.8032,57.3948,1.7759,1.0082,1.1937,-10.5356,5.2081,-0.15942
1,2,136.172,62.2209,2.1729,0.90595,1.032,-1.6902,-15.9512,-0.020937
1,3,140.4236,57.9587,2.1993,0.90297,1.0399,-24.6678,0.33247,-0.00054487
1,4,139.4463,57.5271,1.9918,0.96553,1.0689,-22.5861,4.0067,-0.12321
1,5,145.2218,58.8498,1.7284,1.0168,1.2121,-7.1764,-6.0761,-0.15487
1,6,142.8459,61.9556,1.9033,0.9457,1.1566,-21.5927,-15.998,-0.14932
1,7,139.737,63.0449,1.9138,0.95165,1.1225,-23.4049,-14.9083,-0.14705
1,8,137.4445,66.5294,2.0763,0.89938,1.1208,-12.3587,4.5159,-0.083662
1,9,143.5792,62.5109,1.5192,1.111,1.2392,-18.3479,-15.739,-0.081177
1,10,143.2813,66.0743,1.5459,1.0857,1.2547,-19.7958,0.60029,-0.095443
1,11,136.9571,67.8864,2.0458,0.90434,1.1415,-8.6552,18.6499,-0.099565
1,12,141.3903,62.8243,2.091,0.89365,1.1143,-24.8477,-15.3206,-0.075348
1,13,142.5948,59.9541,1.7193,1.0273,1.177,-22.4566,-11.8144,-0.15349
1,14,138.257,64.9296,1.8484,0.97198,1.1317,-17.4758,-7.4177,-0.15766
1,15,145.1259,67.4755,2.1238,0.8553,1.2229,-7.9768,13.9812,-0.055166
1,16,139.9548,65.4889,1.4942,1.1285,1.2041,-23.9076,-3.8279,-0.06646
1,17,139.1234,59.4653,1.6208,1.0963,1.1417,-21.4785,-9.5752,-0.1279
1,18,136.4275,64.7991,1.5092,1.138,1.141,-4.0918,-8.165,-0.075453
1,19,137.645,56.5782,1.9538,0.99853,1.05,-13.7443,13.3964,-0.13636
1,20,137.0232,56.1508,1.7024,1.1032,1.0936,-9.1849,18.2128,-0.15048
1,21,141.4793,56.9824,1.7899,1.0254,1.1411,-24.7702,9.1764,-0.1599
1,22,143.8728,65.7166,1.6782,1.0168,1.2418,-16.7472,-2.1871,-0.14516
1,23,144.3853,61.4525,2.1096,0.88153,1.1336,-13.5395,-15.7002,-0.064137
1,24,144.1878,64.4809,2.0353,0.88994,1.1781,-14.8378,-9.8451,-0.10463
1,25,141.054,64.0367,2.0013,0.91403,1.138,-24.9971,-11.8517,-0.11947
1,26,136.2922,65.145,2.1445,0.89473,1.0777,-2.8365,-6.1091,-0.041312
1,27,137.8253,56.8997,1.6273,1.125,1.1204,-14.9211,10.0127,-0.13018
1,28,145.4024,58.3738,1.5684,1.0963,1.2523,-5.6185,-2.8507,-0.10636
1,29,140.6655,59.1937,1.7482,1.0306,1.1403,-24.8881,-8.1249,-0.15732
1,30,138.4207,58.4807,1.5804,1.1301,1.1375,-18.3473,-3.6146,-0.11179
1,31,136.7484,60.2347,2.0169,0.95534,1.0427,-6.9243,-12.8838,-0.11295
1,32,138.7895,66.3115,1.9647,0.92558,1.1448,-20.1138,2.5894,-0.13289
1,33,143.6209,60.9916,1.4609,1.1537,1.2465,-18.1308,-14.9831,-0.045017
1,34,145.6257,66.898,1.9436,0.90646,1.2437,-3.6024,7.9905,-0.13937
1,35,139.2993,56.3494,1.6552,1.1053,1.1389,-22.1076,15.9298,-0.13902
1,36,138.8641,62.3238,2.1678,0.89075,1.066,-20.4381,-15.8951,-0.024745
1,37,138.0473,63.406,1.8429,0.98256,1.113,-16.2814,-14.0231,-0.15816
1,38,144.6552,63.8576,1.6659,1.0251,1.2384,-11.6398,-12.5493,-0.14203
1,39,141.8734,63.444,1.8153,0.97437,1.1705,-24.2372,-13.9147,-0.15977
1,40,144.4388,59.0449,1.4235,1.186,1.2686,-13.1749,-7.2676,-0.018244
1,41,142.7495,61.0748,2.0676,0.90185,1.1178,-21.9394,-15.1441,-0.088365
1,42,140.9203,67.5327,1.7678,0.98287,1.2114,-24.9936,14.6105,-0.15896
1,43,143.1487,67.1592,1.4479,1.1448,1.2757,-20.3831,10.6173,-0.036009
1,44,145.8192,64.2606,1.4777,1.1238,1.2911,-1.7753,-10.8897,-0.056134
1,45,137.2076,66.666,1.8951,0.95327,1.1363,-10.6175,5.7713,-0.15095
1,46,140.335,60.7449,1.4088,1.2063,1.2012,-24.5578,-14.4247,-0.006985
1,47,142.3461,61.625,1.5976,1.077,1.2022,-23.1881,-15.8594,-0.11902
1,48,142.1133,57.8105,1.8202,1.0034,1.144,-23.7606,1.552,-0.15959
1,49,140.0468,60.4076,1.8658,0.98126,1.1142,-24.0914,-13.4643,-0.15567
1,50,141.6267,59.6774,1.5381,1.1243,1.1975,-24.6073,-10.6056,-0.091416
2,1,144.8032,57.4154,1.7759,1.0081,1.1937,-10.5356,5.0181,-0.15942
2,2,136.172,62.2209,2.1729,0.90595,1.032,-1.6902,-15.9512,-0.020937
2,3,140.4236,57.9587,2.1993,0.90297,1.0399,-24.6678,0.33247,-0.00054487
2,4,139.4463,59.7873,1.9918,0.94863,1.0795,-22.5861,-11.104,-0.12321
2,5,145.2218,58.8498,1.7284,1.0168,1.2121,-7.1764,-6.0761,-0.15487
2,6,142.8459,61.9556,1.9033,0.9457,1.1566,-21.5927,-15.998,-0.14932
2,7,139.737,63.0449,1.9138,0.95165,1.1225,-23.4049,-14.9083,-0.14705
2,8,137.4693,65.7933,2.0206,0.9174,1.1146,-12.534,-1.6106,-0.11132
2,9,143.5792,62.5109,1.5192,1.111,1.2392,-18.3479,-15.739,-0.081177
2,10,143.2813,65.6231,1.5459,1.0867,1.2506,-19.7958,-2.8734,-0.095443
2,11,137.0941,66.9834,2.0458,0.9072,1.127,-9.7441,8.834,-0.099565
2,12,141.3903,62.8243,2.091,0.89365,1.1143,-24.8477,-15.3206,-0.075348
2,13,142.5948,59.9541,1.7193,1.0273,1.177,-22.4566,-11.8144,-0.15349
2,14,138.257,64.9296,1.8484,0.97198,1.1317,-17.4758,-7.4177,-0.15766
2,15,145.1259,67.2673,2.1267,0.85501,1.2188,-7.9768,11.7446,-0.053285
2,16,139.9548,65.4889,1.4942,1.1285,1.2041,-23.9076,-3.8279,-0.06646
2,17,139.1234,59.4653,1.6208,1.0963,1.1417,-21.4785,-9.5752,-0.1279
2,18,136.4275,64.7991,1.5092,1.138,1.141,-4.0918,-8.165,-0.075453
2,19,137.645,57.4063,1.9538,0.9909,1.0517,-13.7443,5.1023,-0.13636
2,20,137.0232,56.1508,1.7024,1.1032,1.0936,-9.1849,18.2128,-0.15048
2,21,141.4793,56.9905,1.7834,1.0279,1.1426,-24.7702,9.0949,-0.15973
2,22,143.8728,65.7166,1.6782,1.0168,1.2418,-16.7472,-2.1871,-0.14516
2,23,144.3853,61.4525,2.1096,0.88153,1.1336,-13.5395,-15.7002,-0.064137
2,24,144.1878,64.4809,2.0353,0.88994,1.1781,-14.8378,-9.8451,-0.10463
2,25,141.054,64.0367,2.0013,0.91403,1.138,-24.9971,-11.8517,-0.11947
2,26,136.2922,65.145,2.1445,0.89473,1.0777,-2.8365,-6.1091,-0.041312
2,27,137.8253,57.295,1.6273,1.1211,1.1197,-14.9211,6.1368,-0.13018
2,28,145.4024,58.3738,1.5684,1.0963,1.2523,-5.6185,-2.8507,-0.10636
2,29,140.6655,59.1937,1.7482,1.0306,1.1403,-24.8881,-8.1249,-0.15732
2,30,138.4207,58.4807,1.5804,1.1301,1.1375,-18.3473,-3.6146,-0.11179
2,31,136.7484,60.2347,2.0169,0.95534,1.0427,-6.9243,-12.8838,-0.11295
2,32,139.2254,66.0234,1.9647,0.92481,1.1461,-21.851,0.18752,-0.13289
2,33,143.6209,60.9916,1.4609,1.1537,1.2465,-18.1308,-14.9831,-0.045017
2,34,145.6627,66.3822,1.9436,0.90737,1.2366,-3.2595,3.2035,-0.13937
2,35,139.2886,56.7382,1.6552,1.1016,1.1379,-22.0712,11.6862,-0.13902
2,36,138.8641,62.3238,2.1678,0.89075,1.066,-20.4381,-15.8951,-0.024745
2,37,138.0473,63.406,1.8429,0.98256,1.113,-16.2814,-14.0231,-0.15816
2,38,144.6552,63.8576,1.6659,1.0251,1.2384,-11.6398,-12.5493,-0.14203
2,39,141.8734,63.444,1.8153,0.97437,1.1705,-24.2372,-13.9147,-0.15977
2,40,144.4388,59.0449,1.4235,1.186,1.2686,-13.1749,-7.2676,-0.018244
2,41,142.7495,61.0748,2.0676,0.90185,1.1178,-21.9394,-15.1441,-0.088365
2,42,141.0164,66.0041,1.7678,0.9868,1.1924,-24.9997,0.033,-0.15896
2,43,143.1487,67.1261,1.4462,1.146,1.2755,-20.3831,10.2765,-0.034831
2,44,145.8192,64.2606,1.4777,1.1238,1.2911,-1.7753,-10.8897,-0.056134
2,45,137.2076,66.666,1.8951,0.95327,1.1363,-10.6175,5.7713,-0.15095
2,46,140.335,60.7449,1.4088,1.2063,1.2012,-24.5578,-14.4247,-0.006985
2,47,142.3461,61.625,1.5976,1.077,1.2022,-23.1881,-15.8594,-0.11902
2,48,142.1133,58.17,1.8202,1.0009,1.1445,-23.7606,-1.3308,-0.15959
2,49,140.0468,60.4076,1.8658,0.98126,1.1142,-24.0914,-13.4643,-0.15567
2,50,141.6267,59.6774,1.5381,1.1243,1.1975,-24.6073,-10.6056,-0.091416
3,1,144.8032,59.4164,1.7759,0.99597,1.1963,-10.5356,-9.3248,-0.15942
3,2,136.172,62.2209,2.1729,0.90595,1.032,-1.6902,-15.9512,-0.020937
3,3,140.4236,59.2208,2.1993,0.89405,1.0486,-24.6678,-8.2763,-0.00054487
3,4,139.4463,59.7873,1.9918,0.94863,1.0795,-22.5861,-11.104,-0.12321
3,5,145.2218,58.8498,1.7284,1.0168,1.2121,-7.1764,-6.0761,-0.15487
3,6,142.8459,61.9556,1.9033,0.9457,1.1566,-21.5927,-15.998,-0.14932
3,7,139.737,63.0449,1.9138,0.95165,1.1225,-23.4049,-14.9083,-0.14705
3,8,137.4693,65.7933,2.0206,0.9174,1.1146,-12.534,-1.6106,-0.11132
3,9,143.5792,62.5109,1.5192,1.111,1.2392,-18.3479,-15.739,-0.081177
3,10,143.2813,65.6231,1.5459,1.0867,1.2506,-19.7958,-2.8734,-0.095443
3,11,136.943,66.3438,2.0272,0.91567,1.1161,-8.5405,2.8687,-0.10839
3,12,141.3903,62.8243,2.091,0.89365,1.1143,-24.8477,-15.3206,-0.075348
3,13,142.5948,59.9541,1.7193,1.0273,1.177,-22.4566,-11.8144,-0.15349
3,14,138.257,64.9296,1.8484,0.97198,1.1317,-17.4758,-7.4177,-0.15766
3,15,145.1259,67.2673,2.1267,0.85501,1.2188,-7.9768,11.7446,-0.053285
3,16,139.9548,65.4889,1.4942,1.1285,1.2041,-23.9076,-3.8279,-0.06646
3,17,139.1234,59.4653,1.6208,1.0963,1.1417,-21.4785,-9.5752,-0.1279
3,18,136.4275,64.7991,1.5092,1.138,1.141,-4.0918,-8.165,-0.075453
3,19,137.645,59.5084,1.9538,0.97348,1.0604,-13.7443,-9.7922,-0.13636
3,20,137.0232,56.772,1.7024,1.0967,1.0926,-9.1849,11.3318,-0.15048
3,21,141.4793,57.182,1.7834,1.0264,1.1425,-24.7702,7.2135,-0.15973
3,22,143.8728,65.7166,1.6782,1.0168,1.2418,-16.7472,-2.1871,-0.14516
3,23,144.3853,61.4525,2.1096,0.88153,1.1336,-13.5395,-15.7002,-0.064137
3,24,144.1878,64.4809,2.0353,0.88994,1.1781,-14.8378,-9.8451,-0.10463
3,25,141.054,64.0367,2.0013,0.91403,1.138,-24.9971,-11.8517,-0.11947
3,26,136.2922,65.145,2.1445,0.89473,1.0777,-2.8365,-6.1091,-0.041312
3,27,137.2531,58.3745,1.6273,1.1151,1.1102,-10.9605,-2.8555,-0.13018
3,28,145.4024,58.3738,1.5684,1.0963,1.2523,-5.6185,-2.8507,-0.10636
3,29,140.6655,59.1937,1.7482,1.0306,1.1403,-24.8881,-8.1249,-0.15732
3,30,138.4207,58.4807,1.5804,1.1301,1.1375,-18.3473,-3.6146,-0.11179
3,31,136.7484,60.2347,2.0169,0.95534,1.0427,-6.9243,-12.8838,-0.11295
3,32,139.2254,65.4494,1.9412,0.93431,1.1405,-21.851,-4.1017,-0.14006
3,33,143.6209,60.9916,1.4609,1.1537,1.2465,-18.1308,-14.9831,-0.045017
3,34,145.6627,65.7193,1.9436,0.90883,1.2274,-3.2595,-2.1671,-0.13937
3,35,139.2886,58.2337,1.6552,1.0882,1.1366,-22.0712,-1.8152,-0.13902
3,36,138.8641,62.3238,2.1678,0.89075,1.066,-20.4381,-15.8951,-0.024745
3,37,138.0473,63.406,1.8429,0.98256,1.113,-16.2814,-14.0231,-0.15816
3,38,144.6552,63.8576,1.6659,1.0251,1.2384,-11.6398,-12.5493,-0.14203
3,39,141.8734,63.444,1.8153,0.97437,1.1705,-24.2372,-13.9147,-0.15977
3,40,144.4388,59.0449,1.4235,1.186,1.2686,-13.1749,-7.2676,-0.018244
3,41,142.7495,61.0748,2.0676,0.90185,1.1178,-21.9394,-15.1441,-0.088365
3,42,140.9317,65.8554,1.8407,0.95969,1.1805,-24.9953,-1.1361,-0.15834
3,43,143.1487,67.1261,1.4462,1.146,1.2755,-20.3831,10.2765,-0.034831
3,44,145.8192,64.2606,1.4777,1.1238,1.2911,-1.7753,-10.8897,-0.056134
3,45,137.2076,66.666,1.8951,0.95327,1.1363,-10.6175,5.7713,-0.15095
3,46,140.335,60.7449,1.4088,1.2063,1.2012,-24.5578,-14.4247,-0.006985
3,47,142.3461,61.625,1.5976,1.077,1.2022,-23.1881,-15.8594,-0.11902
3,48,142.1133,58.17,1.8202,1.0009,1.1445,-23.7606,-1.3308,-0.15959
3,49,140.0468,60.4076,1.8658,0.98126,1.1142,-24.0914,-13.4643,-0.15567
3,50,141.6267,59.6774,1.5381,1.1243,1.1975,-24.6073,-10.6056,-0.091416
4,1,144.8032,59.4164,1.7759,0.99597,1.1963,-10.5356,-9.3248,-0.15942
4,2,136.172,62.2209,2.1729,0.90595,1.032,-1.6902,-15.9512,-0.020937
4,3,140.4236,59.2208,2.1993,0.89405,1.0486,-24.6678,-8.2763,-0.00054487
4,4,139.4463,59.7873,1.9918,0.94863,1.0795,-22.5861,-11.104,-0.12321
4,5,145.2218,58.8498,1.7284,1.0168,1.2121,-7.1764,-6.0761,-0.15487
4,6,142.8459,61.9556,1.9033,0.9457,1.1566,-21.5927,-15.998,-0.14932
4,7,139.737,63.0449,1.9138,0.95165,1.1225,-23.4049,-14.9083,-0.14705
4,8,137.4693,65.7933,2.0206,0.9174,1.1146,-12.534,-1.6106,-0.11132
4,9,143.5792,62.5109,1.5192,1.111,1.2392,-18.3479,-15.739,-0.081177
4,10,143.2813,65.6231,1.5459,1.0867,1.2506,-19.7958,-2.8734,-0.095443
4,11,136.943,66.3438,2.0272,0.91567,1.1161,-8.5405,2.8687,-0.10839
4,12,141.3903,62.8243,2.091,0.89365,1.1143,-24.8477,-15.3206,-0.075348
4,13,142.5948,59.9541,1.7193,1.0273,1.177,-22.4566,-11.8144,-0.15349
4,14,138.257,64.9296,1.8484,0.97198,1.1317,-17.4758,-7.4177,-0.15766
4,15,145.1259,67.2673,2.1267,0.85501,1.2188,-7.9768,11.7446,-0.053285
4,16,139.9548,65.4889,1.4942,1.1285,1.2041,-23.9076,-3.8279,-0.06646
4,17,139.1234,59.4653,1.6208,1.0963,1.1417,-21.4785,-9.5752,-0.1279
4,18,136.4275,64.7991,1.5092,1.138,1.141,-4.0918,-8.165,-0.075453
4,19,137.645,59.5084,1.9538,0.97348,1.0604,-13.7443,-9.7922,-0.13636
4,20,136.4367,56.8312,1.7024,1.1009,1.0835,-4.176,10.7162,-0.15048
4,21,141.4793,57.182,1.7834,1.0264,1.1425,-24.7702,7.2135,-0.15973
4,22,143.8728,65.7166,1.6782,1.0168,1.2418,-16.7472,-2.1871,-0.14516
4,23,144.3853,61.4525,2.1096,0.88153,1.1336,-13.5395,-15.7002,-0.064137
4,24,144.1878,64.4809,2.0353,0.88994,1.1781,-14.8378,-9.8451,-0.10463
4,25,141.054,64.0367,2.0013,0.91403,1.138,-24.9971,-11.8517,-0.11947
4,26,136.2922,65.145,2.1445,0.89473,1.0777,-2.8365,-6.1091,-0.041312
4,27,137.2531,58.3745,1.6273,1.1151,1.1102,-10.9605,-2.8555,-0.13018
4,28,145.4024,58.3738,1.5684,1.0963,1.2523,-5.6185,-2.8507,-0.10636
4,29,140.6655,59.1937,1.7482,1.0306,1.1403,-24.8881,-8.1249,-0.15732
4,30,138.4207,58.4807,1.5804,1.1301,1.1375,-18.3473,-3.6146,-0.11179
4,31,136.7484,60.2347,2.0169,0.95534,1.0427,-6.9243,-12.8838,-0.11295
4,32,139.2254,65.4494,1.9412,0.93431,1.1405,-21.851,-4.1017,-0.14006
4,33,143.6209,60.9916,1.4609,1.1537,1.2465,-18.1308,-14.9831,-0.045017
4,34,145.6627,65.7193,1.9436,0.90883,1.2274,-3.2595,-2.1671,-0.13937
4,35,139.2886,58.2337,1.6552,1.0882,1.1366,-22.0712,-1.8152,-0.13902
4,36,138.8641,62.3238,2.1678,0.89075,1.066,-20.4381,-15.8951,-0.024745
4,37,138.0473,63.406,1.8429,0.98256,1.113,-16.2814,-14.0231,-0.15816
4,38,144.6552,63.8576,1.6659,1.0251,1.2384,-11.6398,-12.5493,-0.14203
4,39,141.8734,63.444,1.8153,0.97437,1.1705,-24.2372,-13.9147,-0.15977
4,40,144.4388,59.0449,1.4235,1.186,1.2686,-13.1749,-7.2676,-0.018244
4,41,142.7495,61.0748,2.0676,0.90185,1.1178,-21.9394,-15.1441,-0.088365
4,42,140.9317,65.8554,1.8407,0.95969,1.1805,-24.9953,-1.1361,-0.15834
4,43,143.1487,66.8539,1.4462,1.1463,1.2729,-20.3831,7.5606,-0.034831
4,44,145.8192,64.2606,1.4777,1.1238,1.2911,-1.7753,-10.8897,-0.056134
4,45,137.2076,66.3347,1.8951,0.95462,1.1314,-10.6175,2.7893,-0.15095
4,46,140.335,60.7449,1.4088,1.2063,1.2012,-24.5578,-14.4247,-0.006985
4,47,142.3461,61.625,1.5976,1.077,1.2022,-23.1881,-15.8594,-0.11902
4,48,142.1133,58.17,1.8202,1.0009,1.1445,-23.7606,-1.3308,-0.15959
4,49,140.0468,60.4076,1.8658,0.98126,1.1142,-24.0914,-13.4643,-0.15567
4,50,141.6267,59.6774,1.5381,1.1243,1.1975,-24.6073,-10.6056,-0.091416
5,1,144.8032,59.4164,1.7759,0.99597,1.1963,-10.5356,-9.3248,-0.15942
5,2,136.172,62.2209,2.1729,0.90595,1.032,-1.6902,-15.9512,-0.020937
5,3,140.4236,59.2208,2.1993,0.89405,1.0486,-24.6678,-8.2763,-0.00054487
5,4,139.4463,59.7873,1.9918,0.94863,1.0795,-22.5861,-11.104,-0.12321
5,5,145.2218,58.8498,1.7284,1.0168,1.2121,-7.1764,-6.0761,-0.15487
5,6,142.8459,61.9556,1.9033,0.9457,1.1566,-21.5927,-15.998,-0.14932
5,7,139.737,63.0449,1.9138,0.95165,1.1225,-23.4049,-14.9083,-0.14705
5,8,137.4693,65.7933,2.0206,0.9174,1.1146,-12.534,-1.6106,-0.11132
5,9,143.5792,62.5109,1.5192,1.111,1.2392,-18.3479,-15.739,-0.081177
5,10,143.2813,65.6231,1.5459,1.0867,1.2506,-19.7958,-2.8734,-0.095443
5,11,136.943,66.1539,2.0581,0.90814,1.1101,-8.5405,1.2552,-0.093403
5,12,141.3903,62.8243,2.091,0.89365,1.1143,-24.8477,-15.3206,-0.075348
5,13,142.5948,59.9541,1.7193,1.0273,1.177,-22.4566,-11.8144,-0.15349
5,14,138.257,64.9296,1.8484,0.97198,1.1317,-17.4758,-7.4177,-0.15766
5,15,145.5052,66.3264,2.1874,0.84139,1.1984,-4.7035,2.7173,-0.0099117
5,16,139.9548,65.4889,1.4942,1.1285,1.2041,-23.9076,-3.8279,-0.06646
5,17,139.1234,59.4653,1.6208,1.0963,1.1417,-21.4785,-9.5752,-0.1279
5,18,136.4275,64.7991,1.5092,1.138,1.141,-4.0918,-8.165,-0.075453
5,19,137.645,59.5084,1.9538,0.97348,1.0604,-13.7443,-9.7922,-0.13636
5,20,136.4367,59.6859,1.7024,1.0738,1.0866,-4.176,-10.6448,-0.15048
5,21,141.4793,58.5474,1.7834,1.0161,1.1438,-24.7702,-4.0794,-0.15973
5,22,143.8728,65.7166,1.6782,1.0168,1.2418,-16.7472,-2.1871,-0.14516
5,23,144.3853,61.4525,2.1096,0.88153,1.1336,-13.5395,-15.7002,-0.064137
5,24,144.1878,64.4809,2.0353,0.88994,1.1781,-14.8378,-9.8451,-0.10463
5,25,141.054,64.0367,2.0013,0.91403,1.138,-24.9971,-11.8517,-0.11947
5,26,136.2922,65.145,2.1445,0.89473,1.0777,-2.8365,-6.1091,-0.041312
5,27,137.2531,58.3745,1.6273,1.1151,1.1102,-10.9605,-2.8555,-0.13018
5,28,145.4024,58.3738,1.5684,1.0963,1.2523,-5.6185,-2.8507,-0.10636
5,29,140.6655,59.1937,1.7482,1.0306,1.1403,-24.8881,-8.1249,-0.15732
5,30,138.4207,58.4807,1.5804,1.1301,1.1375,-18.3473,-3.6146,-0.11179
5,31,136.7484,60.2347,2.0169,0.95534,1.0427,-6.9243,-12.8838,-0.11295
5,32,139.2254,65.4494,1.9412,0.93431,1.1405,-21.851,-4.1017,-0.14006
5,33,143.6209,60.9916,1.4609,1.1537,1.2465,-18.1308,-14.9831,-0.045017
5,34,145.6627,65.7193,1.9436,0.90883,1.2274,-3.2595,-2.1671,-0.13937
5,35,139.2886,58.2337,1.6552,1.0882,1.1366,-22.0712,-1.8152,-0.13902
5,36,138.8641,62.3238,2.1678,0.89075,1.066,-20.4381,-15.8951,-0.024745
5,37,138.0473,63.406,1.8429,0.98256,1.113,-16.2814,-14.0231,-0.15816
5,38,144.6552,63.8576,1.6659,1.0251,1.2384,-11.6398,-12.5493,-0.14203
5,39,141.8734,63.444,1.8153,0.97437,1.1705,-24.2372,-13.9147,-0.15977
5,40,144.4388,59.0449,1.4235,1.186,1.2686,-13.1749,-7.2676,-0.018244
5,41,142.7495,61.0748,2.0676,0.90185,1.1178,-21.9394,-15.1441,-0.088365
5,42,140.9317,65.8554,1.8407,0.95969,1.1805,-24.9953,-1.1361,-0.15834
5,43,143.1487,66.8539,1.4462,1.1463,1.2729,-20.3831,7.5606,-0.034831
5,44,145.8192,64.2606,1.4777,1.1238,1.2911,-1.7753,-10.8897,-0.056134
5,45,137.2076,65.455,1.8951,0.95848,1.1191,-10.6175,-4.0627,-0.15095
5,46,140.335,60.7449,1.4088,1.2063,1.2012,-24.5578,-14.4247,-0.006985
5,47,142.3461,61.625,1.5976,1.077,1.2022,-23.1881,-15.8594,-0.11902
5,48,142.1133,58.17,1.8202,1.0009,1.1445,-23.7606,-1.3308,-0.15959
5,49,140.0468,60.4076,1.8658,0.98126,1.1142,-24.0914,-13.4643,-0.15567
5,50,141.6267,59.6774,1.5381,1.1243,1.1975,-24.6073,-10.6056,-0.091416
6,1,144.8032,59.4164,1.7759,0.99597,1.1963,-10.5356,-9.3248,-0.15942
6,2,136.172,62.2209,2.1729,0.90595,1.032,-1.6902,-15.9512,-0.020937
6,3,140.4236,59.2208,2.1993,0.89405,1.0486,-24.6678,-8.2763,-0.00054487
6,4,139.4463,59.7873,1.9918,0.94863,1.0795,-22.5861,-11.104,-0.12321
6,5,145.2218,58.8498,1.7284,1.0168,1.2121,-7.1764,-6.0761,-0.15487
6,6,142.8459,61.9556,1.9033,0.9457,1.1566,-21.5927,-15.998,-0.14932
6,7,139.737,63.0449,1.9138,0.95165,1.1225,-23.4049,-14.9083,-0.14705
6,8,137.4693,65.7933,2.0206,0.9174,1.1146,-12.534,-1.6106,-0.11132
6,9,143.5792,62.5109,1.5192,1.111,1.2392,-18.3479,-15.739,-0.081177
6,10,143.2813,65.6231,1.5459,1.0867,1.2506,-19.7958,-2.8734,-0.095443
6,11,136.943,65.843,2.0581,0.90954,1.1052,-8.5405,-1.2315,-0.093403
6,12,141.3903,62.8243,2.091,0.89365,1.1143,-24.8477,-15.3206,-0.075348
6,13,142.5948,59.9541,1.7193,1.0273,1.177,-22.4566,-11.8144,-0.15349
6,14,138.257,64.9296,1.8484,0.97198,1.1317,-17.4758,-7.4177,-0.15766
6,15,145.5052,65.7759,2.1874,0.84283,1.1892,-4.7035,-1.7427,-0.0099117
6,16,139.9548,65.4889,1.4942,1.1285,1.2041,-23.9076,-3.8279,-0.06646
6,17,139.1234,59.4653,1.6208,1.0963,1.1417,-21.4785,-9.5752,-0.1279
6,18,136.4275,64.7991,1.5092,1.138,1.141,-4.0918,-8.165,-0.075453
6,19,137.645,59.5084,1.9538,0.97348,1.0604,-13.7443,-9.7922,-0.13636
6,20,136.4367,59.6859,1.7024,1.0738,1.0866,-4.176,-10.6448,-0.15048
6,21,141.4793,58.5474,1.7834,1.0161,1.1438,-24.7702,-4.0794,-0.15973
6,22,143.8728,65.7166,1.6782,1.0168,1.2418,-16.7472,-2.1871,-0.14516
6,23,144.3853,61.4525,2.1096,0.88153,1.1336,-13.5395,-15.7002,-0.064137
6,24,144.1878,64.4809,2.0353,0.88994,1.1781,-14.8378,-9.8451,-0.10463
6,25,141.054,64.0367,2.0013,0.91403,1.138,-24.9971,-11.8517,-0.11947
6,26,136.2922,65.145,2.1445,0.89473,1.0777,-2.8365,-6.1091,-0.041312
6,27,137.2531,58.3745,1.6273,1.1151,1.1102,-10.9605,-2.8555,-0.13018
6,28,145.4024,58.3738,1.5684,1.0963,1.2523,-5.6185,-2.8507,-0.10636
6,29,140.6655,59.1937,1.7482,1.0306,1.1403,-24.8881,-8.1249,-0.15732
6,30,138.4207,58.4807,1.5804,1.1301,1.1375,-18.3473,-3.6146,-0.11179
6,31,136.7484,60.2347,2.0169,0.95534,1.0427,-6.9243,-12.8838,-0.11295
6,32,139.2254,65.4494,1.9412,0.93431,1.1405,-21.851,-4.1017,-0.14006
6,33,143.6209,60.9916,1.4609,1.1537,1.2465,-18.1308,-14.9831,-0.045017
6,34,145.6627,65.7193,1.9436,0.90883,1.2274,-3.2595,-2.1671,-0.13937
6,35,139.2886,58.2337,1.6552,1.0882,1.1366,-22.0712,-1.8152,-0.13902
6,36,138.8641,62.3238,2.1678,0.89075,1.066,-20.4381,-15.8951,-0.024745
6,37,138.0473,63.406,1.8429,0.98256,1.113,-16.2814,-14.0231,-0.15816
6,38,144.6552,63.8576,1.6659,1.0251,1.2384,-11.6398,-12.5493,-0.14203
6,39,141.8734,63.444,1.8153,0.97437,1.1705,-24.2372,-13.9147,-0.15977
6,40,144.4388,59.0449,1.4235,1.186,1.2686,-13.1749,-7.2676,-0.018244
6,41,142.7495,61.0748,2.0676,0.90185,1.1178,-21.9394,-15.1441,-0.088365
6,42,140.9317,65.8554,1.8407,0.95969,1.1805,-24.9953,-1.1361,-0.15834
6,43,143.1487,65.7035,1.4462,1.1483,1.263,-20.3831,-2.284,-0.034831
6,44,145.8192,64.2606,1.4777,1.1238,1.2911,-1.7753,-10.8897,-0.056134
6,45,137.2076,65.455,1.8951,0.95848,1.1191,-10.6175,-4.0627,-0.15095
6,46,140.335,60.7449,1.4088,1.2063,1.2012,-24.5578,-14.4247,-0.006985
6,47,142.3461,61.625,1.5976,1.077,1.2022,-23.1881,-15.8594,-0.11902
6,48,142.1133,58.17,1.8202,1.0009,1.1445,-23.7606,-1.3308,-0.15959
6,49,140.0468,60.4076,1.8658,0.98126,1.1142,-24.0914,-13.4643,-0.15567
6,50,141.6267,59.6774,1.5381,1.1243,1.1975,-24.6073,-10.6056,-0.091416
7,1,144.8032,59.4164,1.7759,0.99597,1.1963,-10.5356,-9.3248,-0.15942
7,2,136.172,62.2209,2.1729,0.90595,1.032,-1.6902,-15.9512,-0.020937
7,3,140.4236,59.2208,2.1993,0.89405,1.0486,-24.6678,-8.2763,-0.00054487
7,4,139.4463,59.7873,1.9918,0.94863,1.0795,-22.5861,-11.104,-0.12321
7,5,145.2218,58.8498,1.7284,1.0168,1.2121,-7.1764,-6.0761,-0.15487
7,6,142.8459,61.9556,1.9033,0.9457,1.1566,-21.5927,-15.998,-0.14932
7,7,139.737,63.0449,1.9138,0.95165,1.1225,-23.4049,-14.9083,-0.14705
7,8,137.4693,65.7933,2.0206,0.9174,1.1146,-12.534,-1.6106,-0.11132
7,9,143.5792,62.5109,1.5192,1.111,1.2392,-18.3479,-15.739,-0.081177
7,10,143.2813,65.6231,1.5459,1.0867,1.2506,-19.7958,-2.8734,-0.095443
7,11,136.943,65.843,2.0581,0.90954,1.1052,-8.5405,-1.2315,-0.093403
7,12,141.3903,62.8243,2.091,0.89365,1.1143,-24.8477,-15.3206,-0.075348
7,13,142.5948,59.9541,1.7193,1.0273,1.177,-22.4566,-11.8144,-0.15349
7,14,138.257,64.9296,1.8484,0.97198,1.1317,-17.4758,-7.4177,-0.15766
7,15,145.5052,65.7759,2.1874,0.84283,1.1892,-4.7035,-1.7427,-0.0099117
7,16,139.9548,65.4889,1.4942,1.1285,1.2041,-23.9076,-3.8279,-0.06646
7,17,139.1234,59.4653,1.6208,1.0963,1.1417,-21.4785,-9.5752,-0.1279
7,18,136.4275,64.7991,1.5092,1.138,1.141,-4.0918,-8.165,-0.075453
7,19,137.645,59.5084,1.9538,0.97348,1.0604,-13.7443,-9.7922,-0.13636
7,20,136.4367,59.6859,1.7024,1.0738,1.0866,-4.176,-10.6448,-0.15048
7,21,141.4793,58.5474,1.7834,1.0161,1.1438,-24.7702,-4.0794,-0.15973
7,22,143.8728,65.7166,1.6782,1.0168,1.2418,-16.7472,-2.1871,-0.14516
7,23,144.3853,61.4525,2.1096,0.88153,1.1336,-13.5395,-15.7002,-0.064137
7,24,144.1878,64.4809,2.0353,0.88994,1.1781,-14.8378,-9.8451,-0.10463
7,25,141.054,64.0367,2.0013,0.91403,1.138,-24.9971,-11.8517,-0.11947
7,26,136.2922,65.145,2.1445,0.89473,1.0777,-2.8365,-6.1091,-0.041312
7,27,137.2531,58.3745,1.6273,1.1151,1.1102,-10.9605,-2.8555,-0.13018
7,28,145.4024,58.3738,1.5684,1.0963,1.2523,-5.6185,-2.8507,-0.10636
7,29,140.6655,59.1937,1.7482,1.0306,1.1403,-24.8881,-8.1249,-0.15732
7,30,138.4207,58.4807,1.5804,1.1301,1.1375,-18.3473,-3.6146,-0.11179
7,31,136.7484,60.2347,2.0169,0.95534,1.0427,-6.9243,-12.8838,-0.11295
7,32,139.2254,65.4494,1.9412,0.93431,1.1405,-21.851,-4.1017,-0.14006
7,33,143.6209,60.9916,1.4609,1.1537,1.2465,-18.1308,-14.9831,-0.045017
7,34,145.6627,65.7193,1.9436,0.90883,1.2274,-3.2595,-2.1671,-0.13937
7,35,139.2886,58.2337,1.6552,1.0882,1.1366,-22.0712,-1.8152,-0.13902
7,36,138.8641,62.3238,2.1678,0.89075,1.066,-20.4381,-15.8951,-0.024745
7,37,138.0473,63.406,1.8429,0.98256,1.113,-16.2814,-14.0231,-0.15816
7,38,144.6552,63.8576,1.6659,1.0251,1.2384,-11.6398,-12.5493,-0.14203
7,39,141.8734,63.444,1.8153,0.97437,1.1705,-24.2372,-13.9147,-0.15977
7,40,144.4388,59.0449,1.4235,1.186,1.2686,-13.1749,-7.2676,-0.018244
7,41,142.7495,61.0748,2.0676,0.90185,1.1178,-21.9394,-15.1441,-0.088365
7,42,140.9317,65.8554,1.8407,0.95969,1.1805,-24.9953,-1.1361,-0.15834
7,43,143.1487,65.7035,1.4462,1.1483,1.263,-20.3831,-2.284,-0.034831
7,44,145.8192,64.2606,1.4777,1.1238,1.2911,-1.7753,-10.8897,-0.056134
7,45,137.2076,65.455,1.8951,0.95848,1.1191,-10.6175,-4.0627,-0.15095
7,46,140.335,60.7449,1.4088,1.2063,1.2012,-24.5578,-14.4247,-0.006985
7,47,142.3461,61.625,1.5976,1.077,1.2022,-23.1881,-15.8594,-0.11902
7,48,142.1133,58.17,1.8202,1.0009,1.1445,-23.7606,-1.3308,-0.15959
7,49,140.0468,60.4076,1.8658,0.98126,1.1142,-24.0914,-13.4643,-0.15567
7,50,141.6267,59.6774,1.5381,1.1243,1.1975,-24.6073,-10.6056,-0.091416
8,1,144.8032,59.4164,1.7759,0.99597,1.1963,-10.5356,-9.3248,-0.15942
8,2,136.172,62.2209,2.1729,0.90595,1.032,-1.6902,-15.9512,-0.020937
8,3,140.4236,59.2208,2.1993,0.89405,1.0486,-24.6678,-8.2763,-0.00054487
8,4,139.4463,59.7873,1.9918,0.94863,1.0795,-22.5861,-11.104,-0.12321
8,5,145.2218,58.8498,1.7284,1.0168,1.2121,-7.1764,-6.0761,-0.15487
8,6,142.8459,61.9556,1.9033,0.9457,1.1566,-21.5927,-15.998,-0.14932
8,7,139.737,63.0449,1.9138,0.95165,1.1225,-23.4049,-14.9083,-0.14705
8,8,137.4693,65.7933,2.0206,0.9174,1.1146,-12.534,-1.6106,-0.11132
8,9,143.5792,62.5109,1.5192,1.111,1.2392,-18.3479,-15.739,-0.081177
8,10,143.2813,65.6231,1.5459,1.0867,1.2506,-19.7958,-2.8734,-0.095443
8,11,136.943,65.843,2.0581,0.90954,1.1052,-8.5405,-1.2315,-0.093403
8,12,141.3903,62.8243,2.091,0.89365,1.1143,-24.8477,-15.3206,-0.075348
8,13,142.5948,59.9541,1.7193,1.0273,1.177,-22.4566,-11.8144,-0.15349
8,14,138.257,64.9296,1.8484,0.97198,1.1317,-17.4758,-7.4177,-0.15766
8,15,145.5052,65.7759,2.1874,0.84283,1.1892,-4.7035,-1.7427,-0.0099117
8,16,139.9548,65.4889,1.4942,1.1285,1.2041,-23.9076,-3.8279,-0.06646
8,17,139.1234,59.4653,1.6208,1.0963,1.1417,-21.4785,-9.5752,-0.1279
8,18,136.4275,64.7991,1.5092,1.138,1.141,-4.0918,-8.165,-0.075453
8,19,137.645,59.5084,1.9538,0.97348,1.0604,-13.7443,-9.7922,-0.13636
8,20,136.4367,59.6859,1.7024,1.0738,1.0866,-4.176,-10.6448,-0.15048
8,21,141.4793,58.5474,1.7834,1.0161,1.1438,-24.7702,-4.0794,-0.15973
8,22,143.8728,65.7166,1.6782,1.0168,1.2418,-16.7472,-2.1871,-0.14516
8,23,144.3853,61.4525,2.1096,0.88153,1.1336,-13.5395,-15.7002,-0.064137
8,24,144.1878,64.4809,2.0353,0.88994,1.1781,-14.8378,-9.8451,-0.10463
8,25,141.054,64.0367,2.0013,0.91403,1.138,-24.9971,-11.8517,-0.11947
8,26,136.2922,65.145,2.1445,0.89473,1.0777,-2.8365,-6.1091,-0.041312
8,27,137.2531,58.3745,1.6273,1.1151,1.1102,-10.9605,-2.8555,-0.13018
8,28,145.4024,58.3738,1.5684,1.0963,1.2523,-5.6185,-2.8507,-0.10636
8,29,140.6655,59.1937,1.7482,1.0306,1.1403,-24.8881,-8.1249,-0.15732
8,30,138.4207,58.4807,1.5804,1.1301,1.1375,-18.3473,-3.6146,-0.11179
8,31,136.7484,60.2347,2.0169,0.95534,1.0427,-6.9243,-12.8838,-0.11295
8,32,139.2254,65.4494,1.9412,0.93431,1.1405,-21.851,-4.1017,-0.14006
8,33,143.6209,60.9916,1.4609,1.1537,1.2465,-18.1308,-14.9831,-0.045017
8,34,145.6627,65.7193,1.9436,0.90883,1.2274,-3.2595,-2.1671,-0.13937
8,35,139.2886,58.2337,1.6552,1.0882,1.1366,-22.0712,-1.8152,-0.13902
8,36,138.8641,62.3238,2.1678,0.89075,1.066,-20.4381,-15.8951,-0.024745
8,37,138.0473,63.406,1.8429,0.98256,1.113,-16.2814,-14.0231,-0.15816
8,38,144.6552,63.8576,1.6659,1.0251,1.2384,-11.6398,-12.5493,-0.14203
8,39,141.8734,63.444,1.8153,0.97437,1.1705,-24.2372,-13.9147,-0.15977
8,40,144.4388,59.0449,1.4235,1.186,1.2686,-13.1749,-7.2676,-0.018244
8,41,142.7495,61.0748,2.0676,0.90185,1.1178,-21.9394,-15.1441,-0.088365
8,42,140.9317,65.8554,1.8407,0.95969,1.1805,-24.9953,-1.1361,-0.15834
8,43,143.1487,65.7035,1.4462,1.1483,1.263,-20.3831,-2.284,-0.034831
8,44,145.8192,64.2606,1.4777,1.1238,1.2911,-1.7753,-10.8897,-0.056134
8,45,137.2076,65.455,1.8951,0.95848,1.1191,-10.6175,-4.0627,-0.15095
8,46,140.335,60.7449,1.4088,1.2063,1.2012,-24.5578,-14.4247,-0.006985
8,47,142.3461,61.625,1.5976,1.077,1.2022,-23.1881,-15.8594,-0.11902
8,48,142.1133,58.17,1.8202,1.0009,1.1445,-23.7606,-1.3308,-0.15959
8,49,140.0468,60.4076,1.8658,0.98126,1.1142,-24.0914,-13.4643,-0.15567
8,50,141.6267,59.6774,1.5381,1.1243,1.1975,-24.6073,-10.6056,-0.091416
9,1,144.8032,59.4164,1.7759,0.99597,1.1963,-10.5356,-9.3248,-0.15942
9,2,136.172,62.2209,2.1729,0.90595,1.032,-1.6902,-15.9512,-0.020937
9,3,140.4236,59.2208,2.1993,0.89405,1.0486,-24.6678,-8.2763,-0.00054487
9,4,139.4463,59.7873,1.9918,0.94863,1.0795,-22.5861,-11.104,-0.12321
9,5,145.2218,58.8498,1.7284,1.0168,1.2121,-7.1764,-6.0761,-0.15487
9,6,142.8459,61.9556,1.9033,0.9457,1.1566,-21.5927,-15.998,-0.14932
9,7,139.737,63.0449,1.9138,0.95165,1.1225,-23.4049,-14.9083,-0.14705
9,8,137.4693,65.7933,2.0206,0.9174,1.1146,-12.534,-1.6106,-0.11132
9,9,143.5792,62.5109,1.5192,1.111,1.2392,-18.3479,-15.739,-0.081177
9,10,143.2813,65.6231,1.5459,1.0867,1.2506,-19.7958,-2.8734,-0.095443
9,11,136.943,65.843,2.0581,0.90954,1.1052,-8.5405,-1.2315,-0.093403
9,12,141.3903,62.8243,2.091,0.89365,1.1143,-24.8477,-15.3206,-0.075348
9,13,142.5948,59.9541,1.7193,1.0273,1.177,-22.4566,-11.8144,-0.15349
9,14,138.257,64.9296,1.8484,0.97198,1.1317,-17.4758,-7.4177,-0.15766
9,15,145.5052,65.7759,2.1874,0.84283,1.1892,-4.7035,-1.7427,-0.0099117
9,16,139.9548,65.4889,1.4942,1.1285,1.2041,-23.9076,-3.8279,-0.06646
9,17,139.1234,59.4653,1.6208,1.0963,1.1417,-21.4785,-9.5752,-0.1279
9,18,136.4275,64.7991,1.5092,1.138,1.141,-4.0918,-8.165,-0.075453
9,19,137.645,59.5084,1.9538,0.97348,1.0604,-13.7443,-9.7922,-0.13636
9,20,136.4367,59.6859,1.7024,1.0738,1.0866,-4.176,-10.6448,-0.15048
9,21,141.4793,58.5474,1.7834,1.0161,1.1438,-24.7702,-4.0794,-0.15973
9,22,143.8728,65.7166,1.6782,1.0168,1.2418,-16.7472,-2.1871,-0.14516
9,23,144.3853,61.4525,2.1096,0.88153,1.1336,-13.5395,-15.7002,-0.064137
9,24,144.1878,64.4809,2.0353,0.88994,1.1781,-14.8378,-9.8451,-0.10463
9,25,141.054,64.0367,2.0013,0.91403,1.138,-24.9971,-11.8517,-0.11947
9,26,136.2922,65.145,2.1445,0.89473,1.0777,-2.8365,-6.1091,-0.041312
9,27,137.2531,58.3745,1.6273,1.1151,1.1102,-10.9605,-2.8555,-0.13018
9,28,145.4024,58.3738,1.5684,1.0963,1.2523,-5.6185,-2.8507,-0.10636
9,29,140.6655,59.1937,1.7482,1.0306,1.1403,-24.8881,-8.1249,-0.15732
9,30,138.4207,58.4807,1.5804,1.1301,1.1375,-18.3473,-3.6146,-0.11179
9,31,136.7484,60.2347,2.0169,0.95534,1.0427,-6.9243,-12.8838,-0.11295
9,32,139.2254,65.4494,1.9412,0.93431,1.1405,-21.851,-4.1017,-0.14006
9,33,143.6209,60.9916,1.4609,1.1537,1.2465,-18.1308,-14.9831,-0.045017
9,34,145.6627,65.7193,1.9436,0.90883,1.2274,-3.2595,-2.1671,-0.13937
9,35,139.2886,58.2337,1.6552,1.0882,1.1366,-22.0712,-1.8152,-0.13902
9,36,138.8641,62.3238,2.1678,0.89075,1.066,-20.4381,-15.8951,-0.024745
9,37,138.0473,63.406,1.8429,0.98256,1.113,-16.2814,-14.0231,-0.15816
9,38,144.6552,63.8576,1.6659,1.0251,1.2384,-11.6398,-12.5493,-0.14203
9,39,141.8734,63.444,1.8153,0.97437,1.1705,-24.2372,-13.9147,-0.15977
9,40,144.4388,59.0449,1.4235,1.186,1.2686,-13.1749,-7.2676,-0.018244
9,41,142.7495,61.0748,2.0676,0.90185,1.1178,-21.9394,-15.1441,-0.088365
9,42,140.9317,65.8554,1.8407,0.95969,1.1805,-24.9953,-1.1361,-0.15834
9,43,143.1487,65.7035,1.4462,1.1483,1.263,-20.3831,-2.284,-0.034831
9,44,145.8192,64.2606,1.4777,1.1238,1.2911,-1.7753,-10.8897,-0.056134
9,45,137.2076,65.455,1.8951,0.95848,1.1191,-10.6175,-4.0627,-0.15095
9,46,140.335,60.7449,1.4088,1.2063,1.2012,-24.5578,-14.4247,-0.006985
9,47,142.3461,61.625,1.5976,1.077,1.2022,-23.1881,-15.8594,-0.11902
9,48,142.1133,58.17,1.8202,1.0009,1.1445,-23.7606,-1.3308,-0.15959
9,49,140.0468,60.4076,1.8658,0.98126,1.1142,-24.0914,-13.4643,-0.15567
9,50,141.6267,59.6774,1.5381,1.1243,1.1975,-24.6073,-10.6056,-0.091416
10,1,144.8032,59.4164,1.7759,0.99597,1.1963,-10.5356,-9.3248,-0.15942
10,2,136.172,62.2209,2.1729,0.90595,1.032,-1.6902,-15.9512,-0.020937
10,3,140.4236,59.2208,2.1993,0.89405,1.0486,-24.6678,-8.2763,-0.00054487
10,4,139.4463,59.7873,1.9918,0.94863,1.0795,-22.5861,-11.104,-0.12321
10,5,145.2218,58.8498,1.7284,1.0168,1.2121,-7.1764,-6.0761,-0.15487
10,6,142.8459,61.9556,1.9033,0.9457,1.1566,-21.5927,-15.998,-0.14932
10,7,139.737,63.0449,1.9138,0.95165,1.1225,-23.4049,-14.9083,-0.14705
10,8,137.4693,65.7933,2.0206,0.9174,1.1146,-12.534,-1.6106,-0.11132
10,9,143.5792,62.5109,1.5192,1.111,1.2392,-18.3479,-15.739,-0.081177
10,10,143.2813,65.6231,1.5459,1.0867,1.2506,-19.7958,-2.8734,-0.095443
10,11,136.943,65.843,2.0581,0.90954,1.1052,-8.5405,-1.2315,-0.093403
10,12,141.3903,62.8243,2.091,0.89365,1.1143,-24.8477,-15.3206,-0.075348
10,13,142.5948,59.9541,1.7193,1.0273,1.177,-22.4566,-11.8144,-0.15349
10,14,138.257,64.9296,1.8484,0.97198,1.1317,-17.4758,-7.4177,-0.15766
10,15,145.5052,65.7759,2.1874,0.84283,1.1892,-4.7035,-1.7427,-0.0099117
10,16,139.9548,65.4889,1.4942,1.1285,1.2041,-23.9076,-3.8279,-0.06646
10,17,139.1234,59.4653,1.6208,1.0963,1.1417,-21.4785,-9.5752,-0.1279
10,18,136.4275,64.7991,1.5092,1.138,1.141,-4.0918,-8.165,-0.075453
10,19,137.645,59.5084,1.9538,0.97348,1.0604,-13.7443,-9.7922,-0.13636
10,20,136.4367,59.6859,1.7024,1.0738,1.0866,-4.176,-10.6448,-0.15048
10,21,141.4793,58.5474,1.7834,1.0161,1.1438,-24.7702,-4.0794,-0.15973
10,22,143.8728,65.7166,1.6782,1.0168,1.2418,-16.7472,-2.1871,-0.14516
10,23,144.3853,61.4525,2.1096,0.88153,1.1336,-13.5395,-15.7002,-0.064137
10,24,144.1878,64.4809,2.0353,0.88994,1.1781,-14.8378,-9.8451,-0.10463
10,25,141.054,64.0367,2.0013,0.91403,1.138,-24.9971,-11.8517,-0.11947
10,26,136.2922,65.145,2.1445,0.89473,1.0777,-2.8365,-6.1091,-0.041312
10,27,137.2531,58.3745,1.6273,1.1151,1.1102,-10.9605,-2.8555,-0.13018
10,28,145.4024,58.3738,1.5684,1.0963,1.2523,-5.6185,-2.8507,-0.10636
10,29,140.6655,59.1937,1.7482,1.0306,1.1403,-24.8881,-8.1249,-0.15732
10,30,138.4207,58.4807,1.5804,1.1301,1.1375,-18.3473,-3.6146,-0.11179
10,31,136.7484,60.2347,2.0169,0.95534,1.0427,-6.9243,-12.8838,-0.11295
10,32,139.2254,65.4494,1.9412,0.93431,1.1405,-21.851,-4.1017,-0.14006
10,33,143.6209,60.9916,1.4609,1.1537,1.2465,-18.1308,-14.9831,-0.045017
10,34,145.6627,65.7193,1.9436,0.90883,1.2274,-3.2595,-2.1671,-0.13937
10,35,139.2886,58.2337,1.6552,1.0882,1.1366,-22.0712,-1.8152,-0.13902
10,36,138.8641,62.3238,2.1678,0.89075,1.066,-20.4381,-15.8951,-0.024745
10,37,138.0473,63.406,1.8429,0.98256,1.113,-16.2814,-14.0231,-0.15816
10,38,144.6552,63.8576,1.6659,1.0251,1.2384,-11.6398,-12.5493,-0.14203
10,39,141.8734,63.444,1.8153,0.97437,1.1705,-24.2372,-13.9147,-0.15977
10,40,144.4388,59.0449,1.4235,1.186,1.2686,-13.1749,-7.2676,-0.018244
10,41,142.7495,61.0748,2.0676,0.90185,1.1178,-21.9394,-15.1441,-0.088365
10,42,140.9317,65.8554,1.8407,0.95969,1.1805,-24.9953,-1.1361,-0.15834
10,43,143.1487,65.7035,1.4462,1.1483,1.263,-20.3831,-2.284,-0.034831
10,44,145.8192,64.2606,1.4777,1.1238,1.2911,-1.7753,-10.8897,-0.056134
10,45,137.2076,65.455,1.8951,0.95848,1.1191,-10.6175,-4.0627,-0.15095
10,46,140.335,60.7449,1.4088,1.2063,1.2012,-24.5578,-14.4247,-0.006985
10,47,142.3461,61.625,1.5976,1.077,1.2022,-23.1881,-15.8594,-0.11902
10,48,142.1133,58.17,1.8202,1.0009,1.1445,-23.7606,-1.3308,-0.15959
10,49,140.0468,60.4076,1.8658,0.98126,1.1142,-24.0914,-13.4643,-0.15567
10,50,141.6267,59.6774,1.5381,1.1243,1.1975,-24.6073,-10.6056,-0.091416
11,1,144.8032,59.4164,1.7759,0.99597,1.1963,-10.5356,-9.3248,-0.15942
11,2,136.172,62.2209,2.1729,0.90595,1.032,-1.6902,-15.9512,-0.020937
11,3,140.4236,59.2208,2.1993,0.89405,1.0486,-24.6678,-8.2763,-0.00054487
11,4,139.4463,59.7873,1.9918,0.94863,1.0795,-22.5861,-11.104,-0.12321
11,5,145.2218,58.8498,1.7284,1.0168,1.2121,-7.1764,-6.0761,-0.15487
11,6,142.8459,61.9556,1.9033,0.9457,1.1566,-21.5927,-15.998,-0.14932
11,7,139.737,63.0449,1.9138,0.95165,1.1225,-23.4049,-14.9083,-0.14705
11,8,137.4693,65.7933,2.0206,0.9174,1.1146,-12.534,-1.6106,-0.11132
11,9,143.5792,62.5109,1.5192,1.111,1.2392,-18.3479,-15.739,-0.081177
11,10,143.2813,65.6231,1.5459,1.0867,1.2506,-19.7958,-2.8734,-0.095443
11,11,136.943,65.843,2.0581,0.90954,1.1052,-8.5405,-1.2315,-0.093403
11,12,141.3903,62.8243,2.091,0.89365,1.1143,-24.8477,-15.3206,-0.075348
11,13,142.5948,59.9541,1.7193,1.0273,1.177,-22.4566,-11.8144,-0.15349
11,14,138.257,64.9296,1.8484,0.97198,1.1317,-17.4758,-7.4177,-0.15766
11,15,145.5052,65.7759,2.1874,0.84283,1.1892,-4.7035,-1.7427,-0.0099117
11,16,139.9548,65.4889,1.4942,1.1285,1.2041,-23.9076,-3.8279,-0.06646
11,17,139.1234,59.4653,1.6208,1.0963,1.1417,-21.4785,-9.5752,-0.1279
11,18,136.4275,64.7991,1.5092,1.138,1.141,-4.0918,-8.165,-0.075453
11,19,137.645,59.5084,1.9538,0.97348,1.0604,-13.7443,-9.7922,-0.13636
11,20,136.4367,59.6859,1.7024,1.0738,1.0866,-4.176,-10.6448,-0.15048
11,21,141.4793,58.5474,1.7834,1.0161,1.1438,-24.7702,-4.0794,-0.15973
11,22,143.8728,65.7166,1.6782,1.0168,1.2418,-16.7472,-2.1871,-0.14516
11,23,144.3853,61.4525,2.1096,0.88153,1.1336,-13.5395,-15.7002,-0.064137
11,24,144.1878,64.4809,2.0353,0.88994,1.1781,-14.8378,-9.8451,-0.10463
11,25,141.054,64.0367,2.0013,0.91403,1.138,-24.9971,-11.8517,-0.11947
11,26,136.2922,65.145,2.1445,0.89473,1.0777,-2.8365,-6.1091,-0.041312
11,27,137.2531,58.3745,1.6273,1.1151,1.1102,-10.9605,-2.8555,-0.13018
11,28,145.4024,58.3738,1.5684,1.0963,1.2523,-5.6185,-2.8507,-0.10636
11,29,140.6655,59.1937,1.7482,1.0306,1.1403,-24.8881,-8.1249,-0.15732
11,30,138.4207,58.4807,1.5804,1.1301,1.1375,-18.3473,-3.6146,-0.11179
11,31,136.7484,60.2347,2.0169,0.95534,1.0427,-6.9243,-12.8838,-0.11295
11,32,139.2254,65.4494,1.9412,0.93431,1.1405,-21.851,-4.1017,-0.14006
11,33,143.6209,60.9916,1.4609,1.1537,1.2465,-18.1308,-14.9831,-0.045017
11,34,145.6627,65.7193,1.9436,0.90883,1.2274,-3.2595,-2.1671,-0.13937
11,35,139.2886,58.2337,1.6552,1.0882,1.1366,-22.0712,-1.8152,-0.13902
11,36,138.8641,62.3238,2.1678,0.89075,1.066,-20.4381,-15.8951,-0.024745
11,37,138.0473,63.406,1.8429,0.98256,1.113,-16.2814,-14.0231,-0.15816
11,38,144.6552,63.8576,1.6659,1.0251,1.2384,-11.6398,-12.5493,-0.14203
11,39,141.8734,63.444,1.8153,0.97437,1.1705,-24.2372,-13.9147,-0.15977
11,40,144.4388,59.0449,1.4235,1.186,1.2686,-13.1749,-7.2676,-0.018244
11,41,142.7495,61.0748,2.0676,0.90185,1.1178,-21.9394,-15.1441,-0.088365
11,42,140.9317,65.8554,1.8407,0.95969,1.1805,-24.9953,-1.1361,-0.15834
11,43,143.1487,65.7035,1.4462,1.1483,1.263,-20.3831,-2.284,-0.034831
11,44,145.8192,64.2606,1.4777,1.1238,1.2911,-1.7753,-10.8897,-0.056134
11,45,137.2076,65.455,1.8951,0.95848,1.1191,-10.6175,-4.0627,-0.15095
11,46,140.335,60.7449,1.4088,1.2063,1.2012,-24.5578,-14.4247,-0.006985
11,47,142.3461,61.625,1.5976,1.077,1.2022,-23.1881,-15.8594,-0.11902
11,48,142.1133,58.17,1.8202,1.0009,1.1445,-23.7606,-1.3308,-0.15959
11,49,140.0468,60.4076,1.8658,0.98126,1.1142,-24.0914,-13.4643,-0.15567
11,50,141.6267,59.6774,1.5381,1.1243,1.1975,-24.6073,-10.6056,-0.091416
12,1,144.8032,59.4164,1.7759,0.99597,1.1963,-10.5356,-9.3248,-0.15942
12,2,136.172,62.2209,2.1729,0.90595,1.032,-1.6902,-15.9512,-0.020937
12,3,140.4236,59.2208,2.1993,0.89405,1.0486,-24.6678,-8.2763,-0.00054487
12,4,139.4463,59.7873,1.9918,0.94863,1.0795,-22.5861,-11.104,-0.12321
12,5,145.2218,58.8498,1.7284,1.0168,1.2121,-7.1764,-6.0761,-0.15487
12,6,142.8459,61.9556,1.9033,0.9457,1.1566,-21.5927,-15.998,-0.14932
12,7,139.737,63.0449,1.9138,0.95165,1.1225,-23.4049,-14.9083,-0.14705
12,8,137.4693,65.7933,2.0206,0.9174,1.1146,-12.534,-1.6106,-0.11132
12,9,143.5792,62.5109,1.5192,1.111,1.2392,-18.3479,-15.739,-0.081177
12,10,143.2813,65.6231,1.5459,1.0867,1.2506,-19.7958,-2.8734,-0.095443
12,11,136.943,65.843,2.0581,0.90954,1.1052,-8.5405,-1.2315,-0.093403
12,12,141.3903,62.8243,2.091,0.89365,1.1143,-24.8477,-15.3206,-0.075348
12,13,142.5948,59.9541,1.7193,1.0273,1.177,-22.4566,-11.8144,-0.15349
12,14,138.257,64.9296,1.8484,0.97198,1.1317,-17.4758,-7.4177,-0.15766
12,15,145.5052,65.7759,2.1874,0.84283,1.1892,-4.7035,-1.7427,-0.0099117
12,16,139.9548,65.4889,1.4942,1.1285,1.2041,-23.9076,-3.8279,-0.06646
12,17,139.1234,59.4653,1.6208,1.0963,1.1417,-21.4785,-9.5752,-0.1279
12,18,136.4275,64.7991,1.5092,1.138,1.141,-4.0918,-8.165,-0.075453
12,19,137.645,59.5084,1.9538,0.97348,1.0604,-13.7443,-9.7922,-0.13636
12,20,136.4367,59.6859,1.7024,1.0738,1.0866,-4.176,-10.6448,-0.15048
12,21,141.4793,58.5474,1.7834,1.0161,1.1438,-24.7702,-4.0794,-0.15973
12,22,143.8728,65.7166,1.6782,1.0168,1.2418,-16.7472,-2.1871,-0.14516
12,23,144.3853,61.4525,2.1096,0.88153,1.1336,-13.5395,-15.7002,-0.064137
12,24,144.1878,64.4809,2.0353,0.88994,1.1781,-14.8378,-9.8451,-0.10463
12,25,141.054,64.0367,2.0013,0.91403,1.138,-24.9971,-11.8517,-0.11947
12,26,136.2922,65.145,2.1445,0.89473,1.0777,-2.8365,-6.1091,-0.041312
12,27,137.2531,58.3745,1.6273,1.1151,1.1102,-10.9605,-2.8555,-0.13018
12,28,145.4024,58.3738,1.5684,1.0963,1.2523,-5.6185,-2.8507,-0.10636
12,29,140.6655,59.1937,1.7482,1.0306,1.1403,-24.8881,-8.1249,-0.15732
12,30,138.4207,58.4807,1.5804,1.1301,1.1375,-18.3473,-3.6146,-0.11179
12,31,136.7484,60.2347,2.0169,0.95534,1.0427,-6.9243,-12.8838,-0.11295
12,32,139.2254,65.4494,1.9412,0.93431,1.1405,-21.851,-4.1017,-0.14006
12,33,143.6209,60.9916,1.4609,1.1537,1.2465,-18.1308,-14.9831,-0.045017
12,34,145.6627,65.7193,1.9436,0.90883,1.2274,-3.2595,-2.1671,-0.13937
12,35,139.2886,58.2337,1.6552,1.0882,1.1366,-22.0712,-1.8152,-0.13902
12,36,138.8641,62.3238,2.1678,0.89075,1.066,-20.4381,-15.8951,-0.024745
12,37,138.0473,63.406,1.8429,0.98256,1.113,-16.2814,-14.0231,-0.15816
12,38,144.6552,63.8576,1.6659,1.0251,1.2384,-11.6398,-12.5493,-0.14203
12,39,141.8734,63.444,1.8153,0.97437,1.1705,-24.2372,-13.9147,-0.15977
12,40,144.4388,59.0449,1.4235,1.186,1.2686,-13.1749,-7.2676,-0.018244
12,41,142.7495,61.0748,2.0676,0.90185,1.1178,-21.9394,-15.1441,-0.088365
12,42,140.9317,65.8554,1.8407,0.95969,1.1805,-24.9953,-1.1361,-0.15834
12,43,143.1487,65.7035,1.4462,1.1483,1.263,-20.3831,-2.284,-0.034831
12,44,145.8192,64.2606,1.4777,1.1238,1.2911,-1.7753,-10.8897,-0.056134
12,45,137.2076,65.455,1.8951,0.95848,1.1191,-10.6175,-4.0627,-0.15095
12,46,140.335,60.7449,1.4088,1.2063,1.2012,-24.5578,-14.4247,-0.006985
12,47,142.3461,61.625,1.5976,1.077,1.2022,-23.1881,-15.8594,-0.11902
12,48,142.1133,58.17,1.8202,1.0009,1.1445,-23.7606,-1.3308,-0.15959
12,49,140.0468,60.4076,1.8658,0.98126,1.1142,-24.0914,-13.4643,-0.15567
12,50,141.6267,59.6774,1.5381,1.1243,1.1975,-24.6073,-10.6056,-0.091416
13,1,144.8032,59.4164,1.7759,0.99597,1.1963,-10.5356,-9.3248,-0.15942
13,2,136.172,62.2209,2.1729,0.90595,1.032,-1.6902,-15.9512,-0.020937
13,3,140.4236,59.2208,2.1993,0.89405,1.0486,-24.6678,-8.2763,-0.00054487
13,4,139.4463,59.7873,1.9918,0.94863,1.0795,-22.5861,-11.104,-0.12321
13,5,145.2218,58.8498,1.7284,1.0168,1.2121,-7.1764,-6.0761,-0.15487
13,6,142.8459,61.9556,1.9033,0.9457,1.1566,-21.5927,-15.998,-0.14932
13,7,139.737,63.0449,1.9138,0.95165,1.1225,-23.4049,-14.9083,-0.14705
13,8,137.4693,65.7933,2.0206,0.9174,1.1146,-12.534,-1.6106,-0.11132
13,9,143.5792,62.5109,1.5192,1.111,1.2392,-18.3479,-15.739,-0.081177
13,10,143.2813,65.6231,1.5459,1.0867,1.2506,-19.7958,-2.8734,-0.095443
13,11,136.943,65.843,2.0581,0.90954,1.1052,-8.5405,-1.2315,-0.093403
13,12,141.3903,62.8243,2.091,0.89365,1.1143,-24.8477,-15.3206,-0.075348
13,13,142.5948,59.9541,1.7193,1.0273,1.177,-22.4566,-11.8144,-0.15349
13,14,138.257,64.9296,1.8484,0.97198,1.1317,-17.4758,-7.4177,-0.15766
13,15,145.5052,65.7759,2.1874,0.84283,1.1892,-4.7035,-1.7427,-0.0099117
13,16,139.9548,65.4889,1.4942,1.1285,1.2041,-23.9076,-3.8279,-0.06646
13,17,139.1234,59.4653,1.6208,1.0963,1.1417,-21.4785,-9.5752,-0.1279
13,18,136.4275,64.7991,1.5092,1.138,1.141,-4.0918,-8.165,-0.075453
13,19,137.645,59.5084,1.9538,0.97348,1.0604,-13.7443,-9.7922,-0.13636
13,20,136.4367,59.6859,1.7024,1.0738,1.0866,-4.176,-10.6448,-0.15048
13,21,141.4793,58.5474,1.7834,1.0161,1.1438,-24.7702,-4.0794,-0.15973
13,22,143.8728,65.7166,1.6782,1.0168,1.2418,-16.7472,-2.1871,-0.14516
13,23,144.3853,61.4525,2.1096,0.88153,1.1336,-13.5395,-15.7002,-0.064137
13,24,144.1878,64.4809,2.0353,0.88994,1.1781,-14.8378,-9.8451,-0.10463
13,25,141.054,64.0367,2.0013,0.91403,1.138,-24.9971,-11.8517,-0.11947
13,26,136.2922,65.145,2.1445,0.89473,1.0777,-2.8365,-6.1091,-0.041312
13,27,137.2531,58.3745,1.6273,1.1151,1.1102,-10.9605,-2.8555,-0.13018
13,28,145.4024,58.3738,1.5684,1.0963,1.2523,-5.6185,-2.8507,-0.10636
13,29,140.6655,59.1937,1.7482,1.0306,1.1403,-24.8881,-8.1249,-0.15732
13,30,138.4207,58.4807,1.5804,1.1301,1.1375,-18.3473,-3.6146,-0.11179
13,31,136.7484,60.2347,2.0169,0.95534,1.0427,-6.9243,-12.8838,-0.11295
13,32,139.2254,65.4494,1.9412,0.93431,1.1405,-21.851,-4.1017,-0.14006
13,33,143.6209,60.9916,1.4609,1.1537,1.2465,-18.1308,-14.9831,-0.045017
13,34,145.6627,65.7193,1.9436,0.90883,1.2274,-3.2595,-2.1671,-0.13937
13,35,139.2886,58.2337,1.6552,1.0882,1.1366,-22.0712,-1.8152,-0.13902
13,36,138.8641,62.3238,2.1678,0.89075,1.066,-20.4381,-15.8951,-0.024745
13,37,138.0473,63.406,1.8429,0.98256,1.113,-16.2814,-14.0231,-0.15816
13,38,144.6552,63.8576,1.6659,1.0251,1.2384,-11.6398,-12.5493,-0.14203
13,39,141.8734,63.444,1.8153,0.97437,1.1705,-24.2372,-13.9147,-0.15977
13,40,144.4388,59.0449,1.4235,1.186,1.2686,-13.1749,-7.2676,-0.018244
13,41,142.7495,61.0748,2.0676,0.90185,1.1178,-21.9394,-15.1441,-0.088365
13,42,140.9317,65.8554,1.8407,0.95969,1.1805,-24.9953,-1.1361,-0.15834
13,43,143.1487,65.7035,1.4462,1.1483,1.263,-20.3831,-2.284,-0.034831
13,44,145.8192,64.2606,1.4777,1.1238,1.2911,-1.7753,-10.8897,-0.056134
13,45,137.2076,65.455,1.8951,0.95848,1.1191,-10.6175,-4.0627,-0.15095
13,46,140.335,60.7449,1.4088,1.2063,1.2012,-24.5578,-14.4247,-0.006985
13,47,142.3461,61.625,1.5976,1.077,1.2022,-23.1881,-15.8594,-0.11902
13,48,142.1133,58.17,1.8202,1.0009,1.1445,-23.7606,-1.3308,-0.15959
13,49,140.0468,60.4076,1.8658,0.98126,1.1142,-24.0914,-13.4643,-0.15567
13,50,141.6267,59.6774,1.5381,1.1243,1.1975,-24.6073,-10.6056,-0.091416
14,1,144.8032,59.4164,1.7759,0.99597,1.1963,-10.5356,-9.3248,-0.15942
14,2,136.172,62.2209,2.1729,0.90595,1.032,-1.6902,-15.9512,-0.020937
14,3,140.4236,59.2208,2.1993,0.89405,1.0486,-24.6678,-8.2763,-0.00054487
14,4,139.4463,59.7873,1.9918,0.94863,1.0795,-22.5861,-11.104,-0.12321
14,5,145.2218,58.8498,1.7284,1.0168,1.2121,-7.1764,-6.0761,-0.15487
14,6,142.8459,61.9556,1.9033,0.9457,1.1566,-21.5927,-15.998,-0.14932
14,7,139.737,63.0449,1.9138,0.95165,1.1225,-23.4049,-14.9083,-0.14705
14,8,137.4693,65.7933,2.0206,0.9174,1.1146,-12.534,-1.6106,-0.11132
14,9,143.5792,62.5109,1.5192,1.111,1.2392,-18.3479,-15.739,-0.081177
14,10,143.2813,65.6231,1.5459,1.0867,1.2506,-19.7958,-2.8734,-0.095443
14,11,136.943,65.843,2.0581,0.90954,1.1052,-8.5405,-1.2315,-0.093403
14,12,141.3903,62.8243,2.091,0.89365,1.1143,-24.8477,-15.3206,-0.075348
14,13,142.5948,59.9541,1.7193,1.0273,1.177,-22.4566,-11.8144,-0.15349
14,14,138.257,64.9296,1.8484,0.97198,1.1317,-17.4758,-7.4177,-0.15766
14,15,145.5052,65.7759,2.1874,0.84283,1.1892,-4.7035,-1.7427,-0.0099117
14,16,139.9548,65.4889,1.4942,1.1285,1.2041,-23.9076,-3.8279,-0.06646
14,17,139.1234,59.4653,1.6208,1.0963,1.1417,-21.4785,-9.5752,-0.1279
14,18,136.4275,64.7991,1.5092,1.138,1.141,-4.0918,-8.165,-0.075453
14,19,137.645,59.5084,1.9538,0.97348,1.0604,-13.7443,-9.7922,-0.13636
14,20,136.4367,59.6859,1.7024,1.0738,1.0866,-4.176,-10.6448,-0.15048
14,21,141.4793,58.5474,1.7834,1.0161,1.1438,-24.7702,-4.0794,-0.15973
14,22,143.8728,65.7166,1.6782,1.0168,1.2418,-16.7472,-2.1871,-0.14516
14,23,144.3853,61.4525,2.1096,0.88153,1.1336,-13.5395,-15.7002,-0.064137
14,24,144.1878,64.4809,2.0353,0.88994,1.1781,-14.8378,-9.8451,-0.10463
14,25,141.054,64.0367,2.0013,0.91403,1.138,-24.9971,-11.8517,-0.11947
14,26,136.2922,65.145,2.1445,0.89473,1.0777,-2.8365,-6.1091,-0.041312
14,27,137.2531,58.3745,1.6273,1.1151,1.1102,-10.9605,-2.8555,-0.13018
14,28,145.4024,58.3738,1.5684,1.0963,1.2523,-5.6185,-2.8507,-0.10636
14,29,140.6655,59.1937,1.7482,1.0306,1.1403,-24.8881,-8.1249,-0.15732
14,30,138.4207,58.4807,1.5804,1.1301,1.1375,-18.3473,-3.6146,-0.11179
14,31,136.7484,60.2347,2.0169,0.95534,1.0427,-6.9243,-12.8838,-0.11295
14,32,139.2254,65.4494,1.9412,0.93431,1.1405,-21.851,-4.1017,-0.14006
14,33,143.6209,60.9916,1.4609,1.1537,1.2465,-18.1308,-14.9831,-0.045017
14,34,145.6627,65.7193,1.9436,0.90883,1.2274,-3.2595,-2.1671,-0.13937
14,35,139.2886,58.2337,1.6552,1.0882,1.1366,-22.0712,-1.8152,-0.13902
14,36,138.8641,62.3238,2.1678,0.89075,1.066,-20.4381,-15.8951,-0.024745
14,37,138.0473,63.406,1.8429,0.98256,1.113,-16.2814,-14.0231,-0.15816
14,38,144.6552,63.8576,1.6659,1.0251,1.2384,-11.6398,-12.5493,-0.14203
14,39,141.8734,63.444,1.8153,0.97437,1.1705,-24.2372,-13.9147,-0.15977
14,40,144.4388,59.0449,1.4235,1.186,1.2686,-13.1749,-7.2676,-0.018244
14,41,142.7495,61.0748,2.0676,0.90185,1.1178,-21.9394,-15.1441,-0.088365
14,42,140.9317,65.8554,1.8407,0.95969,1.1805,-24.9953,-1.1361,-0.15834
14,43,143.1487,65.7035,1.4462,1.1483,1.263,-20.3831,-2.284,-0.034831
14,44,145.8192,64.2606,1.4777,1.1238,1.2911,-1.7753,-10.8897,-0.056134
14,45,137.2076,65.455,1.8951,0.95848,1.1191,-10.6175,-4.0627,-0.15095
14,46,140.335,60.7449,1.4088,1.2063,1.2012,-24.5578,-14.4247,-0.006985
14,47,142.3461,61.625,1.5976,1.077,1.2022,-23.1881,-15.8594,-0.11902
14,48,142.1133,58.17,1.8202,1.0009,1.1445,-23.7606,-1.3308,-0.15959
14,49,140.0468,60.4076,1.8658,0.98126,1.1142,-24.0914,-13.4643,-0.15567
14,50,141.6267,59.6774,1.5381,1.1243,1.1975,-24.6073,-10.6056,-0.091416
15,1,144.8032,59.4164,1.7759,0.99597,1.1963,-10.5356,-9.3248,-0.15942
15,2,136.172,62.2209,2.1729,0.90595,1.032,-1.6902,-15.9512,-0.020937
15,3,140.4236,59.2208,2.1993,0.89405,1.0486,-24.6678,-8.2763,-0.00054487
15,4,139.4463,59.7873,1.9918,0.94863,1.0795,-22.5861,-11.104,-0.12321
15,5,145.2218,58.8498,1.7284,1.0168,1.2121,-7.1764,-6.0761,-0.15487
15,6,142.8459,61.9556,1.9033,0.9457,1.1566,-21.5927,-15.998,-0.14932
15,7,139.737,63.0449,1.9138,0.95165,1.1225,-23.4049,-14.9083,-0.14705
15,8,137.4693,65.7933,2.0206,0.9174,1.1146,-12.534,-1.6106,-0.11132
15,9,143.5792,62.5109,1.5192,1.111,1.2392,-18.3479,-15.739,-0.081177
15,10,143.2813,65.6231,1.5459,1.0867,1.2506,-19.7958,-2.8734,-0.095443
15,11,136.943,65.843,2.0581,0.90954,1.1052,-8.5405,-1.2315,-0.093403
15,12,141.3903,62.8243,2.091,0.89365,1.1143,-24.8477,-15.3206,-0.075348
15,13,142.5948,59.9541,1.7193,1.0273,1.177,-22.4566,-11.8144,-0.15349
15,14,138.257,64.9296,1.8484,0.97198,1.1317,-17.4758,-7.4177,-0.15766
15,15,145.5052,65.7759,2.1874,0.84283,1.1892,-4.7035,-1.7427,-0.0099117
15,16,139.9548,65.4889,1.4942,1.1285,1.2041,-23.9076,-3.8279,-0.06646
15,17,139.1234,59.4653,1.6208,1.0963,1.1417,-21.4785,-9.5752,-0.1279
15,18,136.4275,64.7991,1.5092,1.138,1.141,-4.0918,-8.165,-0.075453
15,19,137.645,59.5084,1.9538,0.97348,1.0604,-13.7443,-9.7922,-0.13636
15,20,136.4367,59.6859,1.7024,1.0738,1.0866,-4.176,-10.6448,-0.15048
15,21,141.4793,58.5474,1.7834,1.0161,1.1438,-24.7702,-4.0794,-0.15973
15,22,143.8728,65.7166,1.6782,1.0168,1.2418,-16.7472,-2.1871,-0.14516
15,23,144.3853,61.4525,2.1096,0.88153,1.1336,-13.5395,-15.7002,-0.064137
15,24,144.1878,64.4809,2.0353,0.88994,1.1781,-14.8378,-9.8451,-0.10463
15,25,141.054,64.0367,2.0013,0.91403,1.138,-24.9971,-11.8517,-0.11947
15,26,136.2922,65.145,2.1445,0.89473,1.0777,-2.8365,-6.1091,-0.041312
15,27,137.2531,58.3745,1.6273,1.1151,1.1102,-10.9605,-2.8555,-0.13018
15,28,145.4024,58.3738,1.5684,1.0963,1.2523,-5.6185,-2.8507,-0.10636
15,29,140.6655,59.1937,1.7482,1.0306,1.1403,-24.8881,-8.1249,-0.15732
15,30,138.4207,58.4807,1.5804,1.1301,1.1375,-18.3473,-3.6146,-0.11179
15,31,136.7484,60.2347,2.0169,0.95534,1.0427,-6.9243,-12.8838,-0.11295
15,32,139.2254,65.4494,1.9412,0.93431,1.1405,-21.851,-4.1017,-0.14006
15,33,143.6209,60.9916,1.4609,1.1537,1.2465,-18.1308,-14.9831,-0.045017
15,34,145.6627,65.7193,1.9436,0.90883,1.2274,-3.2595,-2.1671,-0.13937
15,35,139.2886,58.2337,1.6552,1.0882,1.1366,-22.0712,-1.8152,-0.13902
15,36,138.8641,62.3238,2.1678,0.89075,1.066,-20.4381,-15.8951,-0.024745
15,37,138.0473,63.406,1.8429,0.98256,1.113,-16.2814,-14.0231,-0.15816
15,38,144.6552,63.8576,1.6659,1.0251,1.2384,-11.6398,-12.5493,-0.14203
15,39,141.8734,63.444,1.8153,0.97437,1.1705,-24.2372,-13.9147,-0.15977
15,40,144.4388,59.0449,1.4235,1.186,1.2686,-13.1749,-7.2676,-0.018244
15,41,142.7495,61.0748,2.0676,0.90185,1.1178,-21.9394,-15.1441,-0.088365
15,42,140.9317,65.8554,1.8407,0.95969,1.1805,-24.9953,-1.1361,-0.15834
15,43,143.1487,65.7035,1.4462,1.1483,1.263,-20.3831,-2.284,-0.034831
15,44,145.8192,64.2606,1.4777,1.1238,1.2911,-1.7753,-10.8897,-0.056134
15,45,137.2076,65.455,1.8951,0.95848,1.1191,-10.6175,-4.0627,-0.15095
15,46,140.335,60.7449,1.4088,1.2063,1.2012,-24.5578,-14.4247,-0.006985
15,47,142.3461,61.625,1.5976,1.077,1.2022,-23.1881,-15.8594,-0.11902
15,48,142.1133,58.17,1.8202,1.0009,1.1445,-23.7606,-1.3308,-0.15959
15,49,140.0468,60.4076,1.8658,0.98126,1.1142,-24.0914,-13.4643,-0.15567
15,50,141.6267,59.6774,1.5381,1.1243,1.1975,-24.6073,-10.6056,-0.091416
